W	F	Y	P	M	I	L	V	A	G	C	S	T	Q	N	D	E	H	R	K
NA	0,4875	0,1541	0,0651	0,0353	0,0436	0,0619	0,1203	0,1795	0,0403	0,0090	0,0736	0,0514	0,7291	0,0323	0,0576	0,2452	0,6582	0,1104	0,2647
0,4520	NA	1,0087	0,1274	0,1814	0,3035	0,3618	0,1528	0,2356	0,0417	0,0558	0,1450	0,0832	0,8455	0,0978	0,0529	0,2663	0,7637	0,1856	0,2891
0,4358	0,6589	NA	0,1107	0,0842	0,1540	0,1145	0,0781	0,2065	0,0592	0,0060	0,1367	0,0959	0,9948	0,1952	0,0896	0,3629	0,9909	0,2118	0,2399
0,0111	0,0234	0,0134	NA	0,0047	0,0060	0,0214	0,0164	0,0299	0,0220	0,0061	0,0387	0,0264	0,1374	0,0325	0,0231	0,0388	0,1572	0,0199	0,0279
0,2996	0,8748	0,3895	0,2040	NA	0,5814	0,9211	0,5163	0,4822	0,1047	0,3787	0,3513	0,3036	1,0606	0,1467	0,0836	0,4661	0,8319	0,3371	0,4766
0,0742	0,4081	0,3979	0,2495	0,4622	NA	0,7255	0,8355	0,2893	0,0312	0,0520	0,0793	0,2459	0,9497	0,1512	0,0855	0,3929	0,4918	0,2071	0,2593
0,0868	0,4352	0,4428	0,2279	0,7176	0,8478	NA	0,5999	0,2255	0,0491	0,2043	0,1043	0,2447	1,0350	0,1334	0,0753	0,4696	0,7677	0,3136	0,4768
0,0269	0,5781	0,3286	0,3728	0,3697	0,9129	0,6727	NA	0,4236	0,0398	0,2927	0,1380	0,4197	0,9933	0,1930	0,1176	0,4102	0,6936	0,2566	0,4898
0,0841	0,4176	0,0411	0,4669	0,2697	0,1953	0,3287	0,5418	NA	0,4694	0,6219	0,3505	0,4783	1,0659	0,3423	0,1935	0,5749	0,8082	0,4376	0,5937
0,0195	0,1681	0,0167	0,3013	0,0892	0,0218	0,0634	0,0775	0,7731	NA	0,4656	0,3812	0,2466	0,6885	0,4443	0,1709	0,4845	0,7442	0,2478	0,3765
0,0304	0,4131	0,0558	0,3561	0,3129	0,5054	0,3872	0,5432	0,5977	0,2080	NA	0,2242	0,5063	0,4888	0,3015	0,1801	0,5151	0,6966	0,2653	0,4330
0,0328	0,3028	0,0166	0,4634	0,1235	0,0604	0,1395	0,2180	0,8603	0,4639	0,3633	NA	0,8767	1,0758	0,4763	0,2360	0,5417	0,6842	0,4773	0,3002
0,0297	0,3132	0,0415	0,4596	0,2152	0,2092	0,3245	0,5364	0,4592	0,1316	0,3289	0,3872	NA	1,0773	0,4391	0,1589	0,5411	0,8439	0,4285	0,2970
0,0335	0,1889	0,0101	0,3127	0,1952	0,0382	0,1272	0,0771	0,2339	0,1115	0,0057	0,1736	0,1045	NA	0,4534	0,1878	0,8943	0,9186	0,5294	0,5016
0,0397	0,2641	0,0071	0,2897	0,0599	0,0307	0,0685	0,0979	0,2062	0,1291	0,0102	0,2354	0,1709	0,9822	NA	0,3220	0,4671	0,9905	0,3902	0,2721
0,0352	0,0157	0,0048	0,1807	0,0316	0,0086	0,0105	0,0266	0,0714	0,0801	0,0024	0,1072	0,0828	0,6975	0,5982	NA	0,6503	0,6136	0,1310	0,2432
0,0316	0,0540	0,0046	0,2360	0,0473	0,0267	0,0458	0,0750	0,1088	0,0741	0,0029	0,1493	0,1288	1,1468	0,1900	0,2932	NA	0,7737	0,2500	0,2640
0,0665	0,2496	0,0529	0,3303	0,1286	0,0380	0,0680	0,0696	0,1801	0,1646	0,0012	0,2081	0,1661	1,0847	0,1980	0,1425	0,4468	NA	0,5645	0,2212
0,0146	0,0662	0,0036	0,2051	0,0249	0,0163	0,0159	0,0298	0,0732	0,0493	0,0014	0,1318	0,0729	1,0187	0,1383	0,0845	0,3609	0,9218	NA	0,5418
0,0114	0,1138	0,0025	0,2828	0,0269	0,0154	0,0250	0,0333	0,1079	0,0493	0,0021	0,1315	0,0774	1,0521	0,1143	0,1241	0,4340	1,0535	0,8219	NA